objectId,updatedAt,createdAt,ACL,EventType,userId,translationId
gbeg1eMonb,Sat Apr 08 2023 17:11:41 GMT+0200 (Central European Summer Time),Sat Apr 08 2023 17:11:41 GMT+0200 (Central European Summer Time),null,login,0j1DDpxUEM,
X87r3jrC4U,Sat Apr 08 2023 17:13:02 GMT+0200 (Central European Summer Time),Sat Apr 08 2023 17:13:02 GMT+0200 (Central European Summer Time),null,correctAnswer,0j1DDpxUEM,2JUUEdzqMg
xTPWEFF3nG,Sat Apr 08 2023 17:13:07 GMT+0200 (Central European Summer Time),Sat Apr 08 2023 17:13:07 GMT+0200 (Central European Summer Time),null,correctAnswer,0j1DDpxUEM,2JUUEdzqMg
bYakpj2GPb,Sat Apr 08 2023 17:13:23 GMT+0200 (Central European Summer Time),Sat Apr 08 2023 17:13:23 GMT+0200 (Central European Summer Time),null,correctAnswer,0j1DDpxUEM,cPAIKaGFeM
HbRTeSdhoo,Sat Apr 08 2023 17:13:28 GMT+0200 (Central European Summer Time),Sat Apr 08 2023 17:13:28 GMT+0200 (Central European Summer Time),null,correctAnswer,0j1DDpxUEM,WJAhIHUeDZ
HTgw32HKVH,Sat Apr 08 2023 17:13:35 GMT+0200 (Central European Summer Time),Sat Apr 08 2023 17:13:35 GMT+0200 (Central European Summer Time),null,correctAnswer,0j1DDpxUEM,JuiwLQkdTq
Ew6ukTcaab,Sat Apr 08 2023 17:13:41 GMT+0200 (Central European Summer Time),Sat Apr 08 2023 17:13:41 GMT+0200 (Central European Summer Time),null,correctAnswer,0j1DDpxUEM,WJAhIHUeDZ
AzIBCf9JEF,Sat Apr 08 2023 17:13:51 GMT+0200 (Central European Summer Time),Sat Apr 08 2023 17:13:51 GMT+0200 (Central European Summer Time),null,correctAnswer,0j1DDpxUEM,PLpF8IU0sG
aLEmfyQCZs,Sat Apr 08 2023 17:14:04 GMT+0200 (Central European Summer Time),Sat Apr 08 2023 17:14:04 GMT+0200 (Central European Summer Time),null,wrongAnswer,0j1DDpxUEM,wHBRjzdRrn
mCxRu5NWyY,Sat Apr 08 2023 17:14:09 GMT+0200 (Central European Summer Time),Sat Apr 08 2023 17:14:09 GMT+0200 (Central European Summer Time),null,wrongAnswer,0j1DDpxUEM,wHBRjzdRrn
b7kMDOy8mC,Sat Apr 08 2023 17:14:11 GMT+0200 (Central European Summer Time),Sat Apr 08 2023 17:14:11 GMT+0200 (Central European Summer Time),null,correctAnswer,0j1DDpxUEM,wHBRjzdRrn
c7jYnZ9nSd,Sat Apr 08 2023 17:14:24 GMT+0200 (Central European Summer Time),Sat Apr 08 2023 17:14:24 GMT+0200 (Central European Summer Time),null,correctAnswer,0j1DDpxUEM,qnjw6UYY2k
rLeFVtkLEq,Sat Apr 08 2023 17:14:39 GMT+0200 (Central European Summer Time),Sat Apr 08 2023 17:14:39 GMT+0200 (Central European Summer Time),null,wrongAnswer,0j1DDpxUEM,IvoBYJnbKr
5nULBWye6R,Sat Apr 08 2023 17:14:42 GMT+0200 (Central European Summer Time),Sat Apr 08 2023 17:14:42 GMT+0200 (Central European Summer Time),null,wrongAnswer,0j1DDpxUEM,IvoBYJnbKr
pnw5BPGrj7,Sat Apr 08 2023 17:14:44 GMT+0200 (Central European Summer Time),Sat Apr 08 2023 17:14:44 GMT+0200 (Central European Summer Time),null,correctAnswer,0j1DDpxUEM,IvoBYJnbKr
lu2ouECXt3,Sat Apr 08 2023 17:14:58 GMT+0200 (Central European Summer Time),Sat Apr 08 2023 17:14:58 GMT+0200 (Central European Summer Time),null,correctAnswer,0j1DDpxUEM,XExLSiZdOD
ZYAADLQ9iE,Sun Apr 09 2023 16:44:03 GMT+0200 (Central European Summer Time),Sun Apr 09 2023 16:44:03 GMT+0200 (Central European Summer Time),null,correctAnswer,0j1DDpxUEM,2JUUEdzqMg
HiLSeUcvOf,Sun Apr 09 2023 16:44:06 GMT+0200 (Central European Summer Time),Sun Apr 09 2023 16:44:06 GMT+0200 (Central European Summer Time),null,correctAnswer,0j1DDpxUEM,2JUUEdzqMg
MdnhQccVA8,Sun Apr 09 2023 16:44:10 GMT+0200 (Central European Summer Time),Sun Apr 09 2023 16:44:10 GMT+0200 (Central European Summer Time),null,correctAnswer,0j1DDpxUEM,2JUUEdzqMg
RTsTrSkDJu,Sun Apr 09 2023 16:44:14 GMT+0200 (Central European Summer Time),Sun Apr 09 2023 16:44:14 GMT+0200 (Central European Summer Time),null,correctAnswer,0j1DDpxUEM,cv0ubPmHVg
FdIAtUvWJm,Sun Apr 09 2023 16:54:04 GMT+0200 (Central European Summer Time),Sun Apr 09 2023 16:54:04 GMT+0200 (Central European Summer Time),null,login,drxDLGwaxb,
XirU2kbKVS,Sun Apr 09 2023 17:09:59 GMT+0200 (Central European Summer Time),Sun Apr 09 2023 17:09:59 GMT+0200 (Central European Summer Time),null,correctAnswer,0j1DDpxUEM,H1pWPj4lCM
I1Z5KHrqeZ,Sun Apr 09 2023 21:40:43 GMT+0200 (Central European Summer Time),Sun Apr 09 2023 21:40:43 GMT+0200 (Central European Summer Time),null,wrongAnswer,0j1DDpxUEM,EJewRpTL2r
mHCfNP25AN,Sun Apr 09 2023 21:40:43 GMT+0200 (Central European Summer Time),Sun Apr 09 2023 21:40:43 GMT+0200 (Central European Summer Time),null,wrongAnswer,0j1DDpxUEM,EJewRpTL2r
fVYhR6SWbS,Sun Apr 09 2023 21:41:51 GMT+0200 (Central European Summer Time),Sun Apr 09 2023 21:41:51 GMT+0200 (Central European Summer Time),null,wrongAnswer,0j1DDpxUEM,EJewRpTL2r
JDl5g84LX0,Sun Apr 09 2023 21:41:57 GMT+0200 (Central European Summer Time),Sun Apr 09 2023 21:41:57 GMT+0200 (Central European Summer Time),null,correctAnswer,0j1DDpxUEM,EJewRpTL2r
j1liAL2g5a,Sun Apr 09 2023 21:42:09 GMT+0200 (Central European Summer Time),Sun Apr 09 2023 21:42:09 GMT+0200 (Central European Summer Time),null,correctAnswer,0j1DDpxUEM,UPHETA5xzM
6BB8QNoD8h,Sun Apr 09 2023 21:42:22 GMT+0200 (Central European Summer Time),Sun Apr 09 2023 21:42:22 GMT+0200 (Central European Summer Time),null,correctAnswer,0j1DDpxUEM,dnEBAmKzlt
er3JPM3qiW,Sun Apr 09 2023 21:42:34 GMT+0200 (Central European Summer Time),Sun Apr 09 2023 21:42:34 GMT+0200 (Central European Summer Time),null,correctAnswer,0j1DDpxUEM,648tBcVnpC
kEpnfeKpWN,Sun Apr 09 2023 21:42:47 GMT+0200 (Central European Summer Time),Sun Apr 09 2023 21:42:47 GMT+0200 (Central European Summer Time),null,correctAnswer,0j1DDpxUEM,a7VvgdwQ8l
hbxOUIJ7eQ,Sun Apr 09 2023 21:43:08 GMT+0200 (Central European Summer Time),Sun Apr 09 2023 21:43:08 GMT+0200 (Central European Summer Time),null,correctAnswer,0j1DDpxUEM,CdiNjMcG0L
MqAUoe93fk,Sun Apr 09 2023 21:43:23 GMT+0200 (Central European Summer Time),Sun Apr 09 2023 21:43:23 GMT+0200 (Central European Summer Time),null,correctAnswer,0j1DDpxUEM,Fw6tUGsgUK
2HMohp4SoU,Sun Apr 09 2023 21:43:31 GMT+0200 (Central European Summer Time),Sun Apr 09 2023 21:43:31 GMT+0200 (Central European Summer Time),null,wrongAnswer,0j1DDpxUEM,lYrmrFyfbE
0ykqknLQdD,Sun Apr 09 2023 21:43:35 GMT+0200 (Central European Summer Time),Sun Apr 09 2023 21:43:35 GMT+0200 (Central European Summer Time),null,wrongAnswer,0j1DDpxUEM,lYrmrFyfbE
1sP4kh1swm,Sun Apr 09 2023 21:43:40 GMT+0200 (Central European Summer Time),Sun Apr 09 2023 21:43:40 GMT+0200 (Central European Summer Time),null,correctAnswer,0j1DDpxUEM,lYrmrFyfbE
47fXgdZQKC,Sun Apr 09 2023 21:43:50 GMT+0200 (Central European Summer Time),Sun Apr 09 2023 21:43:50 GMT+0200 (Central European Summer Time),null,correctAnswer,0j1DDpxUEM,l9Rkyu4lDG
kaHDCDVXRp,Mon Apr 10 2023 11:08:31 GMT+0200 (Central European Summer Time),Mon Apr 10 2023 11:08:31 GMT+0200 (Central European Summer Time),null,wrongAnswer,czIRI96DAz,VzBev3ddbd
PlyXUGRi9u,Mon Apr 10 2023 11:08:32 GMT+0200 (Central European Summer Time),Mon Apr 10 2023 11:08:32 GMT+0200 (Central European Summer Time),null,wrongAnswer,czIRI96DAz,VzBev3ddbd
kwr09W3QYT,Mon Apr 10 2023 11:08:36 GMT+0200 (Central European Summer Time),Mon Apr 10 2023 11:08:36 GMT+0200 (Central European Summer Time),null,wrongAnswer,czIRI96DAz,VzBev3ddbd
l916mfA5m3,Mon Apr 10 2023 11:08:38 GMT+0200 (Central European Summer Time),Mon Apr 10 2023 11:08:38 GMT+0200 (Central European Summer Time),null,correctAnswer,czIRI96DAz,VzBev3ddbd
gqkwjcexs4,Mon Apr 10 2023 11:08:46 GMT+0200 (Central European Summer Time),Mon Apr 10 2023 11:08:46 GMT+0200 (Central European Summer Time),null,correctAnswer,czIRI96DAz,Vb6HjAtXJ5
AoE894DRaM,Tue Apr 11 2023 01:13:30 GMT+0200 (Central European Summer Time),Tue Apr 11 2023 01:13:30 GMT+0200 (Central European Summer Time),null,correctAnswer,W7sUAI8Lsh,dnEBAmKzlt
ykIVUkgosg,Tue Apr 11 2023 01:13:44 GMT+0200 (Central European Summer Time),Tue Apr 11 2023 01:13:44 GMT+0200 (Central European Summer Time),null,correctAnswer,W7sUAI8Lsh,G89zUcb6XU
uq3rPspAF3,Tue Apr 11 2023 01:14:15 GMT+0200 (Central European Summer Time),Tue Apr 11 2023 01:14:15 GMT+0200 (Central European Summer Time),null,wrongAnswer,W7sUAI8Lsh,G0ZNk6lh2d
VqeMdJhQzP,Tue Apr 11 2023 01:14:17 GMT+0200 (Central European Summer Time),Tue Apr 11 2023 01:14:17 GMT+0200 (Central European Summer Time),null,correctAnswer,W7sUAI8Lsh,G0ZNk6lh2d
lbfU0aV5f0,Tue Apr 11 2023 01:14:27 GMT+0200 (Central European Summer Time),Tue Apr 11 2023 01:14:27 GMT+0200 (Central European Summer Time),null,correctAnswer,W7sUAI8Lsh,nOyewdR1JI
XQ47RhMrIt,Tue Apr 11 2023 01:14:39 GMT+0200 (Central European Summer Time),Tue Apr 11 2023 01:14:39 GMT+0200 (Central European Summer Time),null,correctAnswer,W7sUAI8Lsh,FTkvp8Ee2m
a97ICrC5xf,Tue Apr 11 2023 01:14:50 GMT+0200 (Central European Summer Time),Tue Apr 11 2023 01:14:50 GMT+0200 (Central European Summer Time),null,correctAnswer,W7sUAI8Lsh,PLpF8IU0sG
nV4KX9KfEM,Tue Apr 11 2023 01:14:58 GMT+0200 (Central European Summer Time),Tue Apr 11 2023 01:14:58 GMT+0200 (Central European Summer Time),null,correctAnswer,W7sUAI8Lsh,EJewRpTL2r
IqsqMf2gF0,Tue Apr 11 2023 01:15:06 GMT+0200 (Central European Summer Time),Tue Apr 11 2023 01:15:06 GMT+0200 (Central European Summer Time),null,correctAnswer,W7sUAI8Lsh,mYb4lshLCD
epWHzfMYVQ,Tue Apr 11 2023 01:15:12 GMT+0200 (Central European Summer Time),Tue Apr 11 2023 01:15:12 GMT+0200 (Central European Summer Time),null,correctAnswer,W7sUAI8Lsh,WJAhIHUeDZ
hSY0ZrHeQc,Tue Apr 11 2023 01:15:18 GMT+0200 (Central European Summer Time),Tue Apr 11 2023 01:15:18 GMT+0200 (Central European Summer Time),null,correctAnswer,W7sUAI8Lsh,wpux7RAzxu
n1cAhbKvw0,Tue Apr 11 2023 01:15:38 GMT+0200 (Central European Summer Time),Tue Apr 11 2023 01:15:38 GMT+0200 (Central European Summer Time),null,correctAnswer,W7sUAI8Lsh,nR1IBAr7vy
iQN1U4s6AC,Tue Apr 11 2023 01:15:47 GMT+0200 (Central European Summer Time),Tue Apr 11 2023 01:15:47 GMT+0200 (Central European Summer Time),null,correctAnswer,W7sUAI8Lsh,hoNXxGm7iI
wf0DbOdoar,Tue Apr 11 2023 01:15:53 GMT+0200 (Central European Summer Time),Tue Apr 11 2023 01:15:53 GMT+0200 (Central European Summer Time),null,correctAnswer,W7sUAI8Lsh,l9Rkyu4lDG
oSePQNbmH9,Tue Apr 11 2023 01:15:58 GMT+0200 (Central European Summer Time),Tue Apr 11 2023 01:15:58 GMT+0200 (Central European Summer Time),null,correctAnswer,W7sUAI8Lsh,juPl4inOSK
7C009Thj6E,Tue Apr 11 2023 01:16:10 GMT+0200 (Central European Summer Time),Tue Apr 11 2023 01:16:10 GMT+0200 (Central European Summer Time),null,correctAnswer,W7sUAI8Lsh,CdiNjMcG0L
hPiqSDoRxD,Tue Apr 11 2023 01:16:22 GMT+0200 (Central European Summer Time),Tue Apr 11 2023 01:16:22 GMT+0200 (Central European Summer Time),null,correctAnswer,W7sUAI8Lsh,UTr7Fzyasm
Vub9rAUXrm,Tue Apr 11 2023 01:16:29 GMT+0200 (Central European Summer Time),Tue Apr 11 2023 01:16:29 GMT+0200 (Central European Summer Time),null,correctAnswer,W7sUAI8Lsh,uoJuPC10sM
7uFPBcbuaJ,Tue Apr 11 2023 01:16:34 GMT+0200 (Central European Summer Time),Tue Apr 11 2023 01:16:34 GMT+0200 (Central European Summer Time),null,correctAnswer,W7sUAI8Lsh,lsgo1TvZHZ
nBjusGAp5a,Tue Apr 11 2023 01:16:38 GMT+0200 (Central European Summer Time),Tue Apr 11 2023 01:16:38 GMT+0200 (Central European Summer Time),null,correctAnswer,W7sUAI8Lsh,qnjw6UYY2k
PvXeuhhShu,Tue Apr 11 2023 01:16:41 GMT+0200 (Central European Summer Time),Tue Apr 11 2023 01:16:41 GMT+0200 (Central European Summer Time),null,correctAnswer,W7sUAI8Lsh,FTkvp8Ee2m
6jK6mQovNv,Tue Apr 11 2023 01:16:45 GMT+0200 (Central European Summer Time),Tue Apr 11 2023 01:16:45 GMT+0200 (Central European Summer Time),null,correctAnswer,W7sUAI8Lsh,jeNTRHUd4O
Vtv20fvEur,Tue Apr 11 2023 01:16:50 GMT+0200 (Central European Summer Time),Tue Apr 11 2023 01:16:50 GMT+0200 (Central European Summer Time),null,correctAnswer,W7sUAI8Lsh,KQ94ZXdlkK
dGe5U7GbEx,Tue Apr 11 2023 01:16:53 GMT+0200 (Central European Summer Time),Tue Apr 11 2023 01:16:53 GMT+0200 (Central European Summer Time),null,wrongAnswer,W7sUAI8Lsh,h1PpZwDVjx
sZaN49Rbab,Tue Apr 11 2023 01:16:58 GMT+0200 (Central European Summer Time),Tue Apr 11 2023 01:16:58 GMT+0200 (Central European Summer Time),null,correctAnswer,W7sUAI8Lsh,h1PpZwDVjx
wD50cNLJTW,Tue Apr 11 2023 01:17:03 GMT+0200 (Central European Summer Time),Tue Apr 11 2023 01:17:03 GMT+0200 (Central European Summer Time),null,correctAnswer,W7sUAI8Lsh,EJewRpTL2r
Sqj1XbhKRP,Tue Apr 11 2023 01:17:07 GMT+0200 (Central European Summer Time),Tue Apr 11 2023 01:17:07 GMT+0200 (Central European Summer Time),null,correctAnswer,W7sUAI8Lsh,kzcvlJRpuO
ErjQt3ZkGX,Tue Apr 11 2023 01:17:17 GMT+0200 (Central European Summer Time),Tue Apr 11 2023 01:17:17 GMT+0200 (Central European Summer Time),null,correctAnswer,W7sUAI8Lsh,JuiwLQkdTq
uJbUkqBl0h,Tue Apr 11 2023 01:17:35 GMT+0200 (Central European Summer Time),Tue Apr 11 2023 01:17:35 GMT+0200 (Central European Summer Time),null,correctAnswer,W7sUAI8Lsh,vlduAew860
2RNqAEouKa,Tue Apr 11 2023 08:37:38 GMT+0200 (Central European Summer Time),Tue Apr 11 2023 08:37:38 GMT+0200 (Central European Summer Time),null,login,thPsSEyG1r,
Fgj4hA1CoI,Tue Apr 11 2023 08:37:48 GMT+0200 (Central European Summer Time),Tue Apr 11 2023 08:37:48 GMT+0200 (Central European Summer Time),null,logout,thPsSEyG1r,
Gvn8bE0uJQ,Tue Apr 11 2023 08:38:01 GMT+0200 (Central European Summer Time),Tue Apr 11 2023 08:38:01 GMT+0200 (Central European Summer Time),null,login,thPsSEyG1r,
8Db0oeSJhA,Tue Apr 11 2023 08:50:45 GMT+0200 (Central European Summer Time),Tue Apr 11 2023 08:50:45 GMT+0200 (Central European Summer Time),null,correctAnswer,thPsSEyG1r,Vb6HjAtXJ5
gbTc8wW5XL,Tue Apr 11 2023 08:50:53 GMT+0200 (Central European Summer Time),Tue Apr 11 2023 08:50:53 GMT+0200 (Central European Summer Time),null,correctAnswer,thPsSEyG1r,xHf2GUEItH
u4RGFmyInh,Tue Apr 11 2023 08:50:59 GMT+0200 (Central European Summer Time),Tue Apr 11 2023 08:50:59 GMT+0200 (Central European Summer Time),null,correctAnswer,thPsSEyG1r,h1PpZwDVjx
9dTedZFX8h,Tue Apr 11 2023 08:57:02 GMT+0200 (Central European Summer Time),Tue Apr 11 2023 08:57:02 GMT+0200 (Central European Summer Time),null,wrongAnswer,thPsSEyG1r,XhY7CatWhU
zN6NHMutKI,Tue Apr 11 2023 09:20:02 GMT+0200 (Central European Summer Time),Tue Apr 11 2023 09:20:02 GMT+0200 (Central European Summer Time),null,correctAnswer,thPsSEyG1r,XhY7CatWhU
q5YXA0XrmK,Tue Apr 11 2023 09:20:13 GMT+0200 (Central European Summer Time),Tue Apr 11 2023 09:20:13 GMT+0200 (Central European Summer Time),null,correctAnswer,thPsSEyG1r,k8BLFyFRlp
91iDbjXqEU,Tue Apr 11 2023 09:20:18 GMT+0200 (Central European Summer Time),Tue Apr 11 2023 09:20:18 GMT+0200 (Central European Summer Time),null,correctAnswer,thPsSEyG1r,nR1IBAr7vy
plN1OZewwW,Tue Apr 11 2023 09:20:34 GMT+0200 (Central European Summer Time),Tue Apr 11 2023 09:20:34 GMT+0200 (Central European Summer Time),null,correctAnswer,thPsSEyG1r,qEjE6J3v6U
tPRGNhYQbz,Tue Apr 11 2023 10:32:45 GMT+0200 (Central European Summer Time),Tue Apr 11 2023 10:32:45 GMT+0200 (Central European Summer Time),null,login,NgENXB1IN3,
gY6sFtBOne,Tue Apr 11 2023 10:33:23 GMT+0200 (Central European Summer Time),Tue Apr 11 2023 10:33:23 GMT+0200 (Central European Summer Time),null,correctAnswer,NgENXB1IN3,kzcvlJRpuO
PnEm2r8Eaa,Tue Apr 11 2023 10:34:08 GMT+0200 (Central European Summer Time),Tue Apr 11 2023 10:34:08 GMT+0200 (Central European Summer Time),null,correctAnswer,NgENXB1IN3,WViT8EXSDQ
ZMY4cNJJ9g,Tue Apr 11 2023 10:34:18 GMT+0200 (Central European Summer Time),Tue Apr 11 2023 10:34:18 GMT+0200 (Central European Summer Time),null,correctAnswer,NgENXB1IN3,p3pNhlAe3M
YJb5UO13pe,Tue Apr 11 2023 10:34:31 GMT+0200 (Central European Summer Time),Tue Apr 11 2023 10:34:31 GMT+0200 (Central European Summer Time),null,correctAnswer,NgENXB1IN3,jeNTRHUd4O
hHHeMXFicl,Tue Apr 11 2023 10:34:58 GMT+0200 (Central European Summer Time),Tue Apr 11 2023 10:34:58 GMT+0200 (Central European Summer Time),null,correctAnswer,NgENXB1IN3,G0ZNk6lh2d
umt4tFHwvo,Tue Apr 11 2023 10:35:04 GMT+0200 (Central European Summer Time),Tue Apr 11 2023 10:35:04 GMT+0200 (Central European Summer Time),null,correctAnswer,eDKufuv64E,VzBev3ddbd
HgU2AC7lhJ,Tue Apr 11 2023 10:35:17 GMT+0200 (Central European Summer Time),Tue Apr 11 2023 10:35:17 GMT+0200 (Central European Summer Time),null,correctAnswer,eDKufuv64E,YuYpyDYOYb
w9How3AETl,Tue Apr 11 2023 10:35:22 GMT+0200 (Central European Summer Time),Tue Apr 11 2023 10:35:22 GMT+0200 (Central European Summer Time),null,correctAnswer,NgENXB1IN3,qEjE6J3v6U
JWDelMdm4J,Tue Apr 11 2023 10:35:52 GMT+0200 (Central European Summer Time),Tue Apr 11 2023 10:35:52 GMT+0200 (Central European Summer Time),null,correctAnswer,eDKufuv64E,a7VvgdwQ8l
9A6Qp1ppq7,Tue Apr 11 2023 10:35:59 GMT+0200 (Central European Summer Time),Tue Apr 11 2023 10:35:59 GMT+0200 (Central European Summer Time),null,correctAnswer,NgENXB1IN3,PBkKBRSoam
feulNoI0BL,Tue Apr 11 2023 10:36:32 GMT+0200 (Central European Summer Time),Tue Apr 11 2023 10:36:32 GMT+0200 (Central European Summer Time),null,correctAnswer,NgENXB1IN3,PzqVx8RVJQ
w7oahPgPzs,Tue Apr 11 2023 10:36:41 GMT+0200 (Central European Summer Time),Tue Apr 11 2023 10:36:41 GMT+0200 (Central European Summer Time),null,correctAnswer,NgENXB1IN3,gZU8hlGgbC
C68iWmOXdD,Tue Apr 11 2023 10:36:59 GMT+0200 (Central European Summer Time),Tue Apr 11 2023 10:36:59 GMT+0200 (Central European Summer Time),null,correctAnswer,NgENXB1IN3,iEkjyOXeAy
ZpiaYOKx7q,Tue Apr 11 2023 10:37:03 GMT+0200 (Central European Summer Time),Tue Apr 11 2023 10:37:03 GMT+0200 (Central European Summer Time),null,correctAnswer,NgENXB1IN3,WViT8EXSDQ
NVrb2iLcuW,Tue Apr 11 2023 10:37:41 GMT+0200 (Central European Summer Time),Tue Apr 11 2023 10:37:41 GMT+0200 (Central European Summer Time),null,correctAnswer,NgENXB1IN3,hoNXxGm7iI
ebTWGSLzAI,Tue Apr 11 2023 10:38:21 GMT+0200 (Central European Summer Time),Tue Apr 11 2023 10:38:21 GMT+0200 (Central European Summer Time),null,correctAnswer,NgENXB1IN3,wFTFAsNNPy
7q2Upm2HK3,Tue Apr 11 2023 10:38:28 GMT+0200 (Central European Summer Time),Tue Apr 11 2023 10:38:28 GMT+0200 (Central European Summer Time),null,correctAnswer,NgENXB1IN3,8m8R6FhTBH
hWRJi6kHEH,Tue Apr 11 2023 10:38:47 GMT+0200 (Central European Summer Time),Tue Apr 11 2023 10:38:47 GMT+0200 (Central European Summer Time),null,correctAnswer,NgENXB1IN3,dnEBAmKzlt
HswBwItaMN,Tue Apr 11 2023 10:39:26 GMT+0200 (Central European Summer Time),Tue Apr 11 2023 10:39:26 GMT+0200 (Central European Summer Time),null,correctAnswer,NgENXB1IN3,cRqOvhyInv
EUjiRSHDG0,Tue Apr 11 2023 10:39:47 GMT+0200 (Central European Summer Time),Tue Apr 11 2023 10:39:47 GMT+0200 (Central European Summer Time),null,logout,NgENXB1IN3,
FnGuiCL4h0,Tue Apr 11 2023 10:39:54 GMT+0200 (Central European Summer Time),Tue Apr 11 2023 10:39:54 GMT+0200 (Central European Summer Time),null,login,NgENXB1IN3,
YCEYaJI5PC,Tue Apr 11 2023 15:03:48 GMT+0200 (Central European Summer Time),Tue Apr 11 2023 15:03:48 GMT+0200 (Central European Summer Time),null,logout,ELXZysqgD5,
0CnGafjKoC,Tue Apr 11 2023 21:36:56 GMT+0200 (Central European Summer Time),Tue Apr 11 2023 21:36:56 GMT+0200 (Central European Summer Time),null,login,ELXZysqgD5,
XVhivBGhd9,Wed Apr 12 2023 18:31:30 GMT+0200 (Central European Summer Time),Wed Apr 12 2023 18:31:30 GMT+0200 (Central European Summer Time),null,correctAnswer,NgENXB1IN3,ox5oJpmIWR
AkGGJpyxV7,Wed Apr 12 2023 23:26:03 GMT+0200 (Central European Summer Time),Wed Apr 12 2023 23:26:03 GMT+0200 (Central European Summer Time),null,correctAnswer,R6Wb0k0VML,YwpjbPEpX4
Rkn3ZfnKCR,Wed Apr 12 2023 23:26:11 GMT+0200 (Central European Summer Time),Wed Apr 12 2023 23:26:11 GMT+0200 (Central European Summer Time),null,correctAnswer,R6Wb0k0VML,l9Rkyu4lDG
jOiK5d9qyj,Wed Apr 12 2023 23:26:18 GMT+0200 (Central European Summer Time),Wed Apr 12 2023 23:26:18 GMT+0200 (Central European Summer Time),null,correctAnswer,R6Wb0k0VML,acOWV3lanH
77DhFjO9m2,Wed Apr 12 2023 23:26:34 GMT+0200 (Central European Summer Time),Wed Apr 12 2023 23:26:34 GMT+0200 (Central European Summer Time),null,correctAnswer,R6Wb0k0VML,p8nNwnpZYS
vpbwFutSS9,Thu Apr 13 2023 08:43:53 GMT+0200 (Central European Summer Time),Thu Apr 13 2023 08:43:53 GMT+0200 (Central European Summer Time),null,correctAnswer,R6Wb0k0VML,M8pjpc9RTL
WqErkW1IIw,Thu Apr 13 2023 08:43:58 GMT+0200 (Central European Summer Time),Thu Apr 13 2023 08:43:58 GMT+0200 (Central European Summer Time),null,correctAnswer,R6Wb0k0VML,8VE4ZDpmWJ
lVERjq8OfB,Fri Apr 14 2023 08:44:34 GMT+0200 (Central European Summer Time),Fri Apr 14 2023 08:44:34 GMT+0200 (Central European Summer Time),null,correctAnswer,W7sUAI8Lsh,U8tcUU4shI
Gw1NVvm9Ul,Fri Apr 14 2023 08:44:48 GMT+0200 (Central European Summer Time),Fri Apr 14 2023 08:44:48 GMT+0200 (Central European Summer Time),null,correctAnswer,W7sUAI8Lsh,CdiNjMcG0L
s2TGpHaChl,Fri Apr 14 2023 08:45:25 GMT+0200 (Central European Summer Time),Fri Apr 14 2023 08:45:25 GMT+0200 (Central European Summer Time),null,correctAnswer,W7sUAI8Lsh,JxKBB2YBLw
cgn9cdMEQ0,Fri Apr 14 2023 08:45:54 GMT+0200 (Central European Summer Time),Fri Apr 14 2023 08:45:54 GMT+0200 (Central European Summer Time),null,correctAnswer,W7sUAI8Lsh,mYb4lshLCD
RrwlUyZDGS,Fri Apr 14 2023 08:46:03 GMT+0200 (Central European Summer Time),Fri Apr 14 2023 08:46:03 GMT+0200 (Central European Summer Time),null,correctAnswer,W7sUAI8Lsh,kzcvlJRpuO
QXTWcXFtkV,Fri Apr 14 2023 08:46:09 GMT+0200 (Central European Summer Time),Fri Apr 14 2023 08:46:09 GMT+0200 (Central European Summer Time),null,correctAnswer,W7sUAI8Lsh,FTkvp8Ee2m
y8pCsMBXBu,Fri Apr 14 2023 08:46:20 GMT+0200 (Central European Summer Time),Fri Apr 14 2023 08:46:20 GMT+0200 (Central European Summer Time),null,correctAnswer,W7sUAI8Lsh,ox5oJpmIWR
3k92ZCF7rg,Fri Apr 14 2023 08:47:15 GMT+0200 (Central European Summer Time),Fri Apr 14 2023 08:47:15 GMT+0200 (Central European Summer Time),null,correctAnswer,W7sUAI8Lsh,EJewRpTL2r
WnKTcLDcc1,Fri Apr 14 2023 08:47:24 GMT+0200 (Central European Summer Time),Fri Apr 14 2023 08:47:24 GMT+0200 (Central European Summer Time),null,correctAnswer,W7sUAI8Lsh,n7UMtpWT9V
qI9lkv2AyQ,Fri Apr 14 2023 08:48:10 GMT+0200 (Central European Summer Time),Fri Apr 14 2023 08:48:10 GMT+0200 (Central European Summer Time),null,correctAnswer,W7sUAI8Lsh,qEjE6J3v6U
0aAwYUybVo,Fri Apr 14 2023 08:48:18 GMT+0200 (Central European Summer Time),Fri Apr 14 2023 08:48:18 GMT+0200 (Central European Summer Time),null,correctAnswer,W7sUAI8Lsh,nOyewdR1JI
QrZKvyTJXg,Fri Apr 14 2023 08:48:27 GMT+0200 (Central European Summer Time),Fri Apr 14 2023 08:48:27 GMT+0200 (Central European Summer Time),null,correctAnswer,W7sUAI8Lsh,nOyewdR1JI
qA3g8Gpp2Y,Sat Apr 15 2023 13:24:38 GMT+0200 (Central European Summer Time),Sat Apr 15 2023 13:24:38 GMT+0200 (Central European Summer Time),null,correctAnswer,thPsSEyG1r,WJAhIHUeDZ
EHYslvlEHk,Sat Apr 15 2023 13:24:45 GMT+0200 (Central European Summer Time),Sat Apr 15 2023 13:24:45 GMT+0200 (Central European Summer Time),null,correctAnswer,thPsSEyG1r,FDNi2JaGlv
Z49hVdhLj8,Sat Apr 15 2023 13:24:49 GMT+0200 (Central European Summer Time),Sat Apr 15 2023 13:24:49 GMT+0200 (Central European Summer Time),null,correctAnswer,thPsSEyG1r,3sTbkbeAMk
aDfzTHwkz9,Sat Apr 15 2023 13:24:59 GMT+0200 (Central European Summer Time),Sat Apr 15 2023 13:24:59 GMT+0200 (Central European Summer Time),null,correctAnswer,thPsSEyG1r,WViT8EXSDQ
baecYYspO9,Sat Apr 15 2023 13:25:06 GMT+0200 (Central European Summer Time),Sat Apr 15 2023 13:25:06 GMT+0200 (Central European Summer Time),null,correctAnswer,thPsSEyG1r,PBkKBRSoam
M34dYIELpa,Sat Apr 15 2023 13:25:12 GMT+0200 (Central European Summer Time),Sat Apr 15 2023 13:25:12 GMT+0200 (Central European Summer Time),null,correctAnswer,thPsSEyG1r,nR1IBAr7vy
dH9ToX0FvD,Sat Apr 15 2023 13:25:18 GMT+0200 (Central European Summer Time),Sat Apr 15 2023 13:25:18 GMT+0200 (Central European Summer Time),null,correctAnswer,thPsSEyG1r,7tUlJOYP5x
iiGLEvKDeR,Sat Apr 15 2023 13:25:33 GMT+0200 (Central European Summer Time),Sat Apr 15 2023 13:25:33 GMT+0200 (Central European Summer Time),null,correctAnswer,thPsSEyG1r,YrZ7uM8foe
BuvICqUQCB,Sat Apr 15 2023 13:25:39 GMT+0200 (Central European Summer Time),Sat Apr 15 2023 13:25:39 GMT+0200 (Central European Summer Time),null,correctAnswer,thPsSEyG1r,cgjfVrEB2w
esqE0eceao,Sat Apr 15 2023 13:25:47 GMT+0200 (Central European Summer Time),Sat Apr 15 2023 13:25:47 GMT+0200 (Central European Summer Time),null,correctAnswer,thPsSEyG1r,1iyCYcK1gY
VvBQUnA3so,Sat Apr 15 2023 13:25:51 GMT+0200 (Central European Summer Time),Sat Apr 15 2023 13:25:51 GMT+0200 (Central European Summer Time),null,correctAnswer,thPsSEyG1r,wpux7RAzxu
CjjO1hCGsU,Sat Apr 15 2023 20:38:39 GMT+0200 (Central European Summer Time),Sat Apr 15 2023 20:38:39 GMT+0200 (Central European Summer Time),null,correctAnswer,dy4k3eLx1j,2l67uFHSo1
aJcmG1s4T4,Sat Apr 15 2023 20:38:45 GMT+0200 (Central European Summer Time),Sat Apr 15 2023 20:38:45 GMT+0200 (Central European Summer Time),null,correctAnswer,dy4k3eLx1j,lsgo1TvZHZ
GKgrSstQ1t,Sat Apr 15 2023 20:38:48 GMT+0200 (Central European Summer Time),Sat Apr 15 2023 20:38:48 GMT+0200 (Central European Summer Time),null,correctAnswer,dy4k3eLx1j,1iyCYcK1gY
thMCIap0tU,Sat Apr 15 2023 21:33:41 GMT+0200 (Central European Summer Time),Sat Apr 15 2023 21:33:41 GMT+0200 (Central European Summer Time),null,wrongAnswer,dy4k3eLx1j,hJ8CLDYAUx
W3mvt29ICS,Sat Apr 15 2023 21:33:41 GMT+0200 (Central European Summer Time),Sat Apr 15 2023 21:33:41 GMT+0200 (Central European Summer Time),null,correctAnswer,dy4k3eLx1j,hJ8CLDYAUx
sNjTG2sjjz,Sat Apr 15 2023 21:34:10 GMT+0200 (Central European Summer Time),Sat Apr 15 2023 21:34:10 GMT+0200 (Central European Summer Time),null,correctAnswer,dy4k3eLx1j,EJewRpTL2r
Kd8F8xAnwK,Sat Apr 15 2023 21:34:35 GMT+0200 (Central European Summer Time),Sat Apr 15 2023 21:34:35 GMT+0200 (Central European Summer Time),null,correctAnswer,dy4k3eLx1j,CdiNjMcG0L
CtUH31A8n7,Sat Apr 15 2023 21:34:54 GMT+0200 (Central European Summer Time),Sat Apr 15 2023 21:34:54 GMT+0200 (Central European Summer Time),null,correctAnswer,dy4k3eLx1j,vlduAew860
GaGMVziyPv,Sat Apr 15 2023 21:35:01 GMT+0200 (Central European Summer Time),Sat Apr 15 2023 21:35:01 GMT+0200 (Central European Summer Time),null,correctAnswer,dy4k3eLx1j,3sTbkbeAMk
A2qVsCDxI3,Sat Apr 15 2023 21:35:23 GMT+0200 (Central European Summer Time),Sat Apr 15 2023 21:35:23 GMT+0200 (Central European Summer Time),null,correctAnswer,dy4k3eLx1j,XhY7CatWhU
25OgusZoYV,Sat Apr 15 2023 21:35:31 GMT+0200 (Central European Summer Time),Sat Apr 15 2023 21:35:31 GMT+0200 (Central European Summer Time),null,wrongAnswer,dy4k3eLx1j,F9MA7hXfRC
I3BcDIwRTV,Sat Apr 15 2023 21:35:36 GMT+0200 (Central European Summer Time),Sat Apr 15 2023 21:35:36 GMT+0200 (Central European Summer Time),null,correctAnswer,dy4k3eLx1j,F9MA7hXfRC
OAJd4snY9V,Sat Apr 15 2023 21:36:01 GMT+0200 (Central European Summer Time),Sat Apr 15 2023 21:36:01 GMT+0200 (Central European Summer Time),null,correctAnswer,dy4k3eLx1j,yRCbRHgwzU
yANGpMN3IW,Sat Apr 15 2023 21:36:26 GMT+0200 (Central European Summer Time),Sat Apr 15 2023 21:36:26 GMT+0200 (Central European Summer Time),null,correctAnswer,dy4k3eLx1j,JxKBB2YBLw
zhZYMsw7Iv,Sat Apr 15 2023 21:36:30 GMT+0200 (Central European Summer Time),Sat Apr 15 2023 21:36:30 GMT+0200 (Central European Summer Time),null,correctAnswer,dy4k3eLx1j,yRCbRHgwzU
zmpHAeznor,Sat Apr 15 2023 21:36:37 GMT+0200 (Central European Summer Time),Sat Apr 15 2023 21:36:37 GMT+0200 (Central European Summer Time),null,correctAnswer,dy4k3eLx1j,juPl4inOSK
Lltsx3aDVg,Sat Apr 15 2023 21:36:47 GMT+0200 (Central European Summer Time),Sat Apr 15 2023 21:36:47 GMT+0200 (Central European Summer Time),null,correctAnswer,dy4k3eLx1j,mslToMBPMs
SR0EkCBvGY,Sat Apr 15 2023 21:36:58 GMT+0200 (Central European Summer Time),Sat Apr 15 2023 21:36:58 GMT+0200 (Central European Summer Time),null,wrongAnswer,dy4k3eLx1j,p8nNwnpZYS
CJB79QEFAt,Sat Apr 15 2023 21:37:00 GMT+0200 (Central European Summer Time),Sat Apr 15 2023 21:37:00 GMT+0200 (Central European Summer Time),null,wrongAnswer,dy4k3eLx1j,p8nNwnpZYS
YshK6B4BVb,Sat Apr 15 2023 21:37:02 GMT+0200 (Central European Summer Time),Sat Apr 15 2023 21:37:02 GMT+0200 (Central European Summer Time),null,correctAnswer,dy4k3eLx1j,p8nNwnpZYS
ifBBosSMyB,Sat Apr 15 2023 21:37:14 GMT+0200 (Central European Summer Time),Sat Apr 15 2023 21:37:14 GMT+0200 (Central European Summer Time),null,correctAnswer,dy4k3eLx1j,uoJuPC10sM
9dsO0tBYTO,Sat Apr 15 2023 21:37:26 GMT+0200 (Central European Summer Time),Sat Apr 15 2023 21:37:26 GMT+0200 (Central European Summer Time),null,correctAnswer,dy4k3eLx1j,kzcvlJRpuO
j0ILETcCtm,Sat Apr 15 2023 21:37:32 GMT+0200 (Central European Summer Time),Sat Apr 15 2023 21:37:32 GMT+0200 (Central European Summer Time),null,correctAnswer,dy4k3eLx1j,G89zUcb6XU
HbNbN3FrXA,Sat Apr 15 2023 21:37:39 GMT+0200 (Central European Summer Time),Sat Apr 15 2023 21:37:39 GMT+0200 (Central European Summer Time),null,correctAnswer,dy4k3eLx1j,YuYpyDYOYb
tDVV1JslcQ,Sat Apr 15 2023 21:37:44 GMT+0200 (Central European Summer Time),Sat Apr 15 2023 21:37:44 GMT+0200 (Central European Summer Time),null,correctAnswer,dy4k3eLx1j,iEkjyOXeAy
lK9HzsSksU,Sat Apr 15 2023 21:37:47 GMT+0200 (Central European Summer Time),Sat Apr 15 2023 21:37:47 GMT+0200 (Central European Summer Time),null,correctAnswer,dy4k3eLx1j,p3pNhlAe3M
bPzImYPcLw,Sat Apr 15 2023 21:38:12 GMT+0200 (Central European Summer Time),Sat Apr 15 2023 21:38:12 GMT+0200 (Central European Summer Time),null,wrongAnswer,dy4k3eLx1j,mYb4lshLCD
99DLQH1DX6,Sat Apr 15 2023 21:38:14 GMT+0200 (Central European Summer Time),Sat Apr 15 2023 21:38:14 GMT+0200 (Central European Summer Time),null,wrongAnswer,dy4k3eLx1j,mYb4lshLCD
eJtvDXXPfY,Sat Apr 15 2023 21:38:16 GMT+0200 (Central European Summer Time),Sat Apr 15 2023 21:38:16 GMT+0200 (Central European Summer Time),null,wrongAnswer,dy4k3eLx1j,mYb4lshLCD
4mh6oNriqW,Sat Apr 15 2023 21:38:18 GMT+0200 (Central European Summer Time),Sat Apr 15 2023 21:38:18 GMT+0200 (Central European Summer Time),null,correctAnswer,dy4k3eLx1j,mYb4lshLCD
TVZex1uZwW,Sat Apr 15 2023 21:38:21 GMT+0200 (Central European Summer Time),Sat Apr 15 2023 21:38:21 GMT+0200 (Central European Summer Time),null,wrongAnswer,dy4k3eLx1j,nWqacEnyPE
5k5sVKdARj,Sat Apr 15 2023 21:38:24 GMT+0200 (Central European Summer Time),Sat Apr 15 2023 21:38:24 GMT+0200 (Central European Summer Time),null,wrongAnswer,dy4k3eLx1j,nWqacEnyPE
wcczuvU3tE,Sat Apr 15 2023 21:38:29 GMT+0200 (Central European Summer Time),Sat Apr 15 2023 21:38:29 GMT+0200 (Central European Summer Time),null,correctAnswer,dy4k3eLx1j,nWqacEnyPE
VGo9KgHReH,Sat Apr 15 2023 21:38:49 GMT+0200 (Central European Summer Time),Sat Apr 15 2023 21:38:49 GMT+0200 (Central European Summer Time),null,correctAnswer,dy4k3eLx1j,G0ZNk6lh2d
FNY9ylhmas,Sat Apr 15 2023 23:18:40 GMT+0200 (Central European Summer Time),Sat Apr 15 2023 23:18:40 GMT+0200 (Central European Summer Time),null,logout,thPsSEyG1r,
FStuWAq65F,Mon Apr 17 2023 00:36:47 GMT+0200 (Central European Summer Time),Mon Apr 17 2023 00:36:47 GMT+0200 (Central European Summer Time),null,correctAnswer,ELXZysqgD5,Xanpk1FXPI
oIPyY5UnYt,Mon Apr 17 2023 00:36:49 GMT+0200 (Central European Summer Time),Mon Apr 17 2023 00:36:49 GMT+0200 (Central European Summer Time),null,correctAnswer,ELXZysqgD5,w3RmXMxrAt
FhUTq85Sna,Mon Apr 17 2023 00:36:53 GMT+0200 (Central European Summer Time),Mon Apr 17 2023 00:36:53 GMT+0200 (Central European Summer Time),null,wrongAnswer,ELXZysqgD5,Xanpk1FXPI
lMfTvG1rew,Mon Apr 17 2023 00:36:54 GMT+0200 (Central European Summer Time),Mon Apr 17 2023 00:36:54 GMT+0200 (Central European Summer Time),null,wrongAnswer,ELXZysqgD5,Xanpk1FXPI
JbN2olK8Cb,Mon Apr 17 2023 00:36:56 GMT+0200 (Central European Summer Time),Mon Apr 17 2023 00:36:56 GMT+0200 (Central European Summer Time),null,wrongAnswer,ELXZysqgD5,Xanpk1FXPI
LfWefoWl7T,Mon Apr 17 2023 00:36:58 GMT+0200 (Central European Summer Time),Mon Apr 17 2023 00:36:58 GMT+0200 (Central European Summer Time),null,correctAnswer,ELXZysqgD5,Xanpk1FXPI
uo2Iw3u1an,Mon Apr 17 2023 00:37:01 GMT+0200 (Central European Summer Time),Mon Apr 17 2023 00:37:01 GMT+0200 (Central European Summer Time),null,correctAnswer,ELXZysqgD5,G331QcAQIw
Zz28igM6LJ,Mon Apr 17 2023 00:37:02 GMT+0200 (Central European Summer Time),Mon Apr 17 2023 00:37:02 GMT+0200 (Central European Summer Time),null,correctAnswer,ELXZysqgD5,YylCnA4tXF
3MPGmRsnp9,Mon Apr 17 2023 00:37:03 GMT+0200 (Central European Summer Time),Mon Apr 17 2023 00:37:03 GMT+0200 (Central European Summer Time),null,wrongAnswer,ELXZysqgD5,w3RmXMxrAt
5oX6OC0ghT,Mon Apr 17 2023 00:37:06 GMT+0200 (Central European Summer Time),Mon Apr 17 2023 00:37:06 GMT+0200 (Central European Summer Time),null,wrongAnswer,ELXZysqgD5,w3RmXMxrAt
Z9CGXucgT4,Mon Apr 17 2023 00:37:07 GMT+0200 (Central European Summer Time),Mon Apr 17 2023 00:37:07 GMT+0200 (Central European Summer Time),null,correctAnswer,ELXZysqgD5,w3RmXMxrAt
kzQSmynAXx,Mon Apr 17 2023 00:37:08 GMT+0200 (Central European Summer Time),Mon Apr 17 2023 00:37:08 GMT+0200 (Central European Summer Time),null,correctAnswer,ELXZysqgD5,w3RmXMxrAt
F9pG4RpIHo,Mon Apr 17 2023 00:37:19 GMT+0200 (Central European Summer Time),Mon Apr 17 2023 00:37:19 GMT+0200 (Central European Summer Time),null,logout,ELXZysqgD5,
DpPGYd2cnR,Mon Apr 17 2023 08:25:37 GMT+0200 (Central European Summer Time),Mon Apr 17 2023 08:25:37 GMT+0200 (Central European Summer Time),null,correctAnswer,W7sUAI8Lsh,vlduAew860
G2539kKK65,Mon Apr 17 2023 08:25:49 GMT+0200 (Central European Summer Time),Mon Apr 17 2023 08:25:49 GMT+0200 (Central European Summer Time),null,correctAnswer,W7sUAI8Lsh,nMOYmrRBnA
L5iKPdrQ7G,Mon Apr 17 2023 08:25:57 GMT+0200 (Central European Summer Time),Mon Apr 17 2023 08:25:57 GMT+0200 (Central European Summer Time),null,correctAnswer,W7sUAI8Lsh,qEjE6J3v6U
hVifdlkYlD,Mon Apr 17 2023 08:26:18 GMT+0200 (Central European Summer Time),Mon Apr 17 2023 08:26:18 GMT+0200 (Central European Summer Time),null,correctAnswer,W7sUAI8Lsh,7hz8h1m2AF
R3sCpb5yxa,Mon Apr 17 2023 08:26:22 GMT+0200 (Central European Summer Time),Mon Apr 17 2023 08:26:22 GMT+0200 (Central European Summer Time),null,correctAnswer,W7sUAI8Lsh,qEjE6J3v6U
QrWxXdhiey,Mon Apr 17 2023 08:26:33 GMT+0200 (Central European Summer Time),Mon Apr 17 2023 08:26:33 GMT+0200 (Central European Summer Time),null,correctAnswer,W7sUAI8Lsh,a7VvgdwQ8l
mpSVjccR6r,Mon Apr 17 2023 08:26:56 GMT+0200 (Central European Summer Time),Mon Apr 17 2023 08:26:56 GMT+0200 (Central European Summer Time),null,correctAnswer,W7sUAI8Lsh,wHBRjzdRrn
jTl8MxDRmG,Mon Apr 17 2023 08:27:09 GMT+0200 (Central European Summer Time),Mon Apr 17 2023 08:27:09 GMT+0200 (Central European Summer Time),null,correctAnswer,W7sUAI8Lsh,G0ZNk6lh2d
r5r27vxTJt,Mon Apr 17 2023 08:27:17 GMT+0200 (Central European Summer Time),Mon Apr 17 2023 08:27:17 GMT+0200 (Central European Summer Time),null,correctAnswer,W7sUAI8Lsh,49LPNLBEQC
Uga2J8yTqF,Mon Apr 17 2023 08:27:22 GMT+0200 (Central European Summer Time),Mon Apr 17 2023 08:27:22 GMT+0200 (Central European Summer Time),null,correctAnswer,W7sUAI8Lsh,DjWXsZnxss
h3CGNxwgvD,Mon Apr 17 2023 08:27:34 GMT+0200 (Central European Summer Time),Mon Apr 17 2023 08:27:34 GMT+0200 (Central European Summer Time),null,correctAnswer,W7sUAI8Lsh,IvoBYJnbKr
ns2GSxvXKB,Mon Apr 17 2023 08:27:47 GMT+0200 (Central European Summer Time),Mon Apr 17 2023 08:27:47 GMT+0200 (Central European Summer Time),null,correctAnswer,W7sUAI8Lsh,cgjfVrEB2w
htPlG0TPF1,Mon Apr 17 2023 08:28:07 GMT+0200 (Central European Summer Time),Mon Apr 17 2023 08:28:07 GMT+0200 (Central European Summer Time),null,correctAnswer,W7sUAI8Lsh,Zd4eJgXzHP
vf56CJpJsG,Mon Apr 17 2023 08:28:19 GMT+0200 (Central European Summer Time),Mon Apr 17 2023 08:28:19 GMT+0200 (Central European Summer Time),null,correctAnswer,W7sUAI8Lsh,nR1IBAr7vy
W98ZCFdg0H,Mon Apr 17 2023 08:28:27 GMT+0200 (Central European Summer Time),Mon Apr 17 2023 08:28:27 GMT+0200 (Central European Summer Time),null,correctAnswer,W7sUAI8Lsh,t9oJxoJDbO
iKDBcIkzmY,Mon Apr 17 2023 08:28:30 GMT+0200 (Central European Summer Time),Mon Apr 17 2023 08:28:30 GMT+0200 (Central European Summer Time),null,correctAnswer,W7sUAI8Lsh,lYrmrFyfbE
hSGtRHpSHF,Mon Apr 17 2023 08:28:36 GMT+0200 (Central European Summer Time),Mon Apr 17 2023 08:28:36 GMT+0200 (Central European Summer Time),null,correctAnswer,W7sUAI8Lsh,cPAIKaGFeM
xazjZAGEr2,Mon Apr 17 2023 08:28:43 GMT+0200 (Central European Summer Time),Mon Apr 17 2023 08:28:43 GMT+0200 (Central European Summer Time),null,correctAnswer,W7sUAI8Lsh,juPl4inOSK
SdJzFsATjP,Mon Apr 17 2023 10:08:33 GMT+0200 (Central European Summer Time),Mon Apr 17 2023 10:08:33 GMT+0200 (Central European Summer Time),null,login,thPsSEyG1r,
fbHbeFeV4Z,Mon Apr 17 2023 10:08:46 GMT+0200 (Central European Summer Time),Mon Apr 17 2023 10:08:46 GMT+0200 (Central European Summer Time),null,correctAnswer,thPsSEyG1r,M8pjpc9RTL
wlhaz5GamD,Mon Apr 17 2023 10:08:57 GMT+0200 (Central European Summer Time),Mon Apr 17 2023 10:08:57 GMT+0200 (Central European Summer Time),null,correctAnswer,thPsSEyG1r,YuYpyDYOYb
DO9gk6pMsb,Mon Apr 17 2023 10:09:02 GMT+0200 (Central European Summer Time),Mon Apr 17 2023 10:09:02 GMT+0200 (Central European Summer Time),null,correctAnswer,thPsSEyG1r,hoNXxGm7iI
z7fFZTurEq,Mon Apr 17 2023 10:09:06 GMT+0200 (Central European Summer Time),Mon Apr 17 2023 10:09:06 GMT+0200 (Central European Summer Time),null,correctAnswer,thPsSEyG1r,iEkjyOXeAy
RyuyBFauYI,Mon Apr 17 2023 10:09:16 GMT+0200 (Central European Summer Time),Mon Apr 17 2023 10:09:16 GMT+0200 (Central European Summer Time),null,correctAnswer,thPsSEyG1r,D1C5PmrVKM
DD2wtB9g6o,Mon Apr 17 2023 10:09:21 GMT+0200 (Central European Summer Time),Mon Apr 17 2023 10:09:21 GMT+0200 (Central European Summer Time),null,correctAnswer,thPsSEyG1r,lsgo1TvZHZ
sjw4hWsuM4,Mon Apr 17 2023 10:09:27 GMT+0200 (Central European Summer Time),Mon Apr 17 2023 10:09:27 GMT+0200 (Central European Summer Time),null,correctAnswer,thPsSEyG1r,WViT8EXSDQ
OJBYhWEA2f,Mon Apr 17 2023 10:09:31 GMT+0200 (Central European Summer Time),Mon Apr 17 2023 10:09:31 GMT+0200 (Central European Summer Time),null,correctAnswer,thPsSEyG1r,4InyZIfvY4
VA4WMBjgir,Mon Apr 17 2023 10:09:36 GMT+0200 (Central European Summer Time),Mon Apr 17 2023 10:09:36 GMT+0200 (Central European Summer Time),null,correctAnswer,thPsSEyG1r,7hz8h1m2AF
vP3abDhfvj,Mon Apr 17 2023 10:09:41 GMT+0200 (Central European Summer Time),Mon Apr 17 2023 10:09:41 GMT+0200 (Central European Summer Time),null,correctAnswer,thPsSEyG1r,cRqOvhyInv
TL0FdAf9Nf,Mon Apr 17 2023 10:09:45 GMT+0200 (Central European Summer Time),Mon Apr 17 2023 10:09:45 GMT+0200 (Central European Summer Time),null,correctAnswer,thPsSEyG1r,acOWV3lanH
0VgvD21oLw,Mon Apr 17 2023 10:09:52 GMT+0200 (Central European Summer Time),Mon Apr 17 2023 10:09:52 GMT+0200 (Central European Summer Time),null,correctAnswer,thPsSEyG1r,vlduAew860
9oj9yOxptp,Mon Apr 17 2023 10:09:57 GMT+0200 (Central European Summer Time),Mon Apr 17 2023 10:09:57 GMT+0200 (Central European Summer Time),null,correctAnswer,thPsSEyG1r,DjWXsZnxss
ffIBgnTgOY,Mon Apr 17 2023 10:09:59 GMT+0200 (Central European Summer Time),Mon Apr 17 2023 10:09:59 GMT+0200 (Central European Summer Time),null,correctAnswer,thPsSEyG1r,o4LVUVfMn5
Yj9O7QBaF0,Mon Apr 17 2023 10:10:17 GMT+0200 (Central European Summer Time),Mon Apr 17 2023 10:10:17 GMT+0200 (Central European Summer Time),null,correctAnswer,thPsSEyG1r,PLpF8IU0sG
JfixCnWxrn,Mon Apr 17 2023 10:10:25 GMT+0200 (Central European Summer Time),Mon Apr 17 2023 10:10:25 GMT+0200 (Central European Summer Time),null,wrongAnswer,thPsSEyG1r,2l67uFHSo1
uk3ciPuHYN,Mon Apr 17 2023 10:10:27 GMT+0200 (Central European Summer Time),Mon Apr 17 2023 10:10:27 GMT+0200 (Central European Summer Time),null,wrongAnswer,thPsSEyG1r,2l67uFHSo1
w4pPtk6u7B,Mon Apr 17 2023 10:10:33 GMT+0200 (Central European Summer Time),Mon Apr 17 2023 10:10:33 GMT+0200 (Central European Summer Time),null,wrongAnswer,thPsSEyG1r,2l67uFHSo1
pwPTbsKGNM,Mon Apr 17 2023 10:10:35 GMT+0200 (Central European Summer Time),Mon Apr 17 2023 10:10:35 GMT+0200 (Central European Summer Time),null,correctAnswer,thPsSEyG1r,2l67uFHSo1
84WlidOXRR,Mon Apr 17 2023 10:10:43 GMT+0200 (Central European Summer Time),Mon Apr 17 2023 10:10:43 GMT+0200 (Central European Summer Time),null,correctAnswer,thPsSEyG1r,yWJ6LnlDkw
GiO1JaqWVZ,Mon Apr 17 2023 10:21:35 GMT+0200 (Central European Summer Time),Mon Apr 17 2023 10:21:35 GMT+0200 (Central European Summer Time),null,correctAnswer,thPsSEyG1r,YuYpyDYOYb
mHDmefvfbB,Mon Apr 17 2023 10:21:46 GMT+0200 (Central European Summer Time),Mon Apr 17 2023 10:21:46 GMT+0200 (Central European Summer Time),null,wrongAnswer,thPsSEyG1r,GNUtk93ABB
aHXedGaSPu,Mon Apr 17 2023 10:21:48 GMT+0200 (Central European Summer Time),Mon Apr 17 2023 10:21:48 GMT+0200 (Central European Summer Time),null,correctAnswer,thPsSEyG1r,GNUtk93ABB
MKTgC8bgcP,Mon Apr 17 2023 10:22:04 GMT+0200 (Central European Summer Time),Mon Apr 17 2023 10:22:04 GMT+0200 (Central European Summer Time),null,correctAnswer,thPsSEyG1r,GYBm9uFI8J
pXJ5K28xnt,Mon Apr 17 2023 10:22:08 GMT+0200 (Central European Summer Time),Mon Apr 17 2023 10:22:08 GMT+0200 (Central European Summer Time),null,correctAnswer,thPsSEyG1r,hK577VshcI
SnYORGLSsZ,Mon Apr 17 2023 10:22:13 GMT+0200 (Central European Summer Time),Mon Apr 17 2023 10:22:13 GMT+0200 (Central European Summer Time),null,correctAnswer,thPsSEyG1r,hK577VshcI
N0pNwKSIYB,Mon Apr 17 2023 10:22:18 GMT+0200 (Central European Summer Time),Mon Apr 17 2023 10:22:18 GMT+0200 (Central European Summer Time),null,correctAnswer,thPsSEyG1r,GYBm9uFI8J
Xt1BrDEul0,Mon Apr 17 2023 10:22:18 GMT+0200 (Central European Summer Time),Mon Apr 17 2023 10:22:18 GMT+0200 (Central European Summer Time),null,correctAnswer,thPsSEyG1r,gRB3RlHPdx
3wEG8TRoPn,Mon Apr 17 2023 11:10:08 GMT+0200 (Central European Summer Time),Mon Apr 17 2023 11:10:08 GMT+0200 (Central European Summer Time),null,correctAnswer,NgENXB1IN3,Me0nkRKfAq
CbGAUM7C4Q,Tue Apr 18 2023 01:09:24 GMT+0200 (Central European Summer Time),Tue Apr 18 2023 01:09:24 GMT+0200 (Central European Summer Time),null,correctAnswer,W7sUAI8Lsh,7tUlJOYP5x
kGrcvJ9AxR,Tue Apr 18 2023 01:09:34 GMT+0200 (Central European Summer Time),Tue Apr 18 2023 01:09:34 GMT+0200 (Central European Summer Time),null,correctAnswer,W7sUAI8Lsh,YwpjbPEpX4
PLtUkZ6Azi,Tue Apr 18 2023 01:09:45 GMT+0200 (Central European Summer Time),Tue Apr 18 2023 01:09:45 GMT+0200 (Central European Summer Time),null,correctAnswer,W7sUAI8Lsh,UofR4vlk8Z
jeIBgmoc0o,Tue Apr 18 2023 01:09:52 GMT+0200 (Central European Summer Time),Tue Apr 18 2023 01:09:52 GMT+0200 (Central European Summer Time),null,correctAnswer,W7sUAI8Lsh,wpux7RAzxu
abDqlDOOZo,Tue Apr 18 2023 01:18:29 GMT+0200 (Central European Summer Time),Tue Apr 18 2023 01:18:29 GMT+0200 (Central European Summer Time),null,correctAnswer,W7sUAI8Lsh,YIrpCtt3dr
UraSeD15oT,Tue Apr 18 2023 01:18:31 GMT+0200 (Central European Summer Time),Tue Apr 18 2023 01:18:31 GMT+0200 (Central European Summer Time),null,correctAnswer,W7sUAI8Lsh,lYrmrFyfbE
3qncjMldq5,Tue Apr 18 2023 01:18:37 GMT+0200 (Central European Summer Time),Tue Apr 18 2023 01:18:37 GMT+0200 (Central European Summer Time),null,correctAnswer,W7sUAI8Lsh,dnEBAmKzlt
nBcFsZXTQc,Tue Apr 18 2023 01:18:40 GMT+0200 (Central European Summer Time),Tue Apr 18 2023 01:18:40 GMT+0200 (Central European Summer Time),null,correctAnswer,W7sUAI8Lsh,nR1IBAr7vy
qFeL6rMlXl,Tue Apr 18 2023 01:18:49 GMT+0200 (Central European Summer Time),Tue Apr 18 2023 01:18:49 GMT+0200 (Central European Summer Time),null,correctAnswer,W7sUAI8Lsh,DpIgnyEtzT
ou1WhU72y3,Tue Apr 18 2023 01:18:55 GMT+0200 (Central European Summer Time),Tue Apr 18 2023 01:18:55 GMT+0200 (Central European Summer Time),null,correctAnswer,W7sUAI8Lsh,t9oJxoJDbO
1Fx9UQU3DN,Tue Apr 18 2023 01:19:00 GMT+0200 (Central European Summer Time),Tue Apr 18 2023 01:19:00 GMT+0200 (Central European Summer Time),null,correctAnswer,W7sUAI8Lsh,k8BLFyFRlp
lleZ5N1cYm,Tue Apr 18 2023 01:19:10 GMT+0200 (Central European Summer Time),Tue Apr 18 2023 01:19:10 GMT+0200 (Central European Summer Time),null,correctAnswer,W7sUAI8Lsh,qEjE6J3v6U
AExAOUNndg,Tue Apr 18 2023 01:19:25 GMT+0200 (Central European Summer Time),Tue Apr 18 2023 01:19:25 GMT+0200 (Central European Summer Time),null,correctAnswer,W7sUAI8Lsh,iw4UVJHDyI
3iB5sxB84g,Tue Apr 18 2023 01:19:27 GMT+0200 (Central European Summer Time),Tue Apr 18 2023 01:19:27 GMT+0200 (Central European Summer Time),null,correctAnswer,W7sUAI8Lsh,nWqacEnyPE
zNH8Xybtf2,Tue Apr 18 2023 01:19:34 GMT+0200 (Central European Summer Time),Tue Apr 18 2023 01:19:34 GMT+0200 (Central European Summer Time),null,correctAnswer,W7sUAI8Lsh,648tBcVnpC
juelwOb5BB,Tue Apr 18 2023 01:23:26 GMT+0200 (Central European Summer Time),Tue Apr 18 2023 01:23:26 GMT+0200 (Central European Summer Time),null,correctAnswer,W7sUAI8Lsh,UPHETA5xzM
fNw7L9NG37,Tue Apr 18 2023 01:23:30 GMT+0200 (Central European Summer Time),Tue Apr 18 2023 01:23:30 GMT+0200 (Central European Summer Time),null,correctAnswer,W7sUAI8Lsh,7tUlJOYP5x
n58LW3HH8v,Tue Apr 18 2023 01:23:44 GMT+0200 (Central European Summer Time),Tue Apr 18 2023 01:23:44 GMT+0200 (Central European Summer Time),null,correctAnswer,W7sUAI8Lsh,8VE4ZDpmWJ
9WEGJOj6m0,Tue Apr 18 2023 01:23:50 GMT+0200 (Central European Summer Time),Tue Apr 18 2023 01:23:50 GMT+0200 (Central European Summer Time),null,correctAnswer,W7sUAI8Lsh,wFTFAsNNPy
oT0t3e8ali,Tue Apr 18 2023 01:23:57 GMT+0200 (Central European Summer Time),Tue Apr 18 2023 01:23:57 GMT+0200 (Central European Summer Time),null,correctAnswer,W7sUAI8Lsh,vlduAew860
cVgzgw9zng,Tue Apr 18 2023 12:50:27 GMT+0200 (Central European Summer Time),Tue Apr 18 2023 12:50:27 GMT+0200 (Central European Summer Time),null,correctAnswer,thPsSEyG1r,648tBcVnpC
UC2UyoCEf2,Tue Apr 18 2023 12:50:30 GMT+0200 (Central European Summer Time),Tue Apr 18 2023 12:50:30 GMT+0200 (Central European Summer Time),null,correctAnswer,thPsSEyG1r,gnNbVpnTi4
P969WutMZl,Tue Apr 18 2023 16:53:26 GMT+0200 (Central European Summer Time),Tue Apr 18 2023 16:53:26 GMT+0200 (Central European Summer Time),null,correctAnswer,R6Wb0k0VML,YIrpCtt3dr
Dc39Stgf57,Tue Apr 18 2023 16:53:31 GMT+0200 (Central European Summer Time),Tue Apr 18 2023 16:53:31 GMT+0200 (Central European Summer Time),null,correctAnswer,R6Wb0k0VML,a7VvgdwQ8l
hfxOm5G4h9,Tue Apr 18 2023 16:53:36 GMT+0200 (Central European Summer Time),Tue Apr 18 2023 16:53:36 GMT+0200 (Central European Summer Time),null,correctAnswer,R6Wb0k0VML,p3pNhlAe3M
6TM6PRG41Y,Tue Apr 18 2023 16:53:40 GMT+0200 (Central European Summer Time),Tue Apr 18 2023 16:53:40 GMT+0200 (Central European Summer Time),null,correctAnswer,R6Wb0k0VML,D1C5PmrVKM
0Ck4KwZLdX,Tue Apr 18 2023 16:53:46 GMT+0200 (Central European Summer Time),Tue Apr 18 2023 16:53:46 GMT+0200 (Central European Summer Time),null,wrongAnswer,R6Wb0k0VML,uoJuPC10sM
83VGeTPECW,Tue Apr 18 2023 16:53:48 GMT+0200 (Central European Summer Time),Tue Apr 18 2023 16:53:48 GMT+0200 (Central European Summer Time),null,correctAnswer,R6Wb0k0VML,uoJuPC10sM
WLvTaVY9YD,Tue Apr 18 2023 16:53:50 GMT+0200 (Central European Summer Time),Tue Apr 18 2023 16:53:50 GMT+0200 (Central European Summer Time),null,correctAnswer,R6Wb0k0VML,1iyCYcK1gY
h8TAAm4AzP,Tue Apr 18 2023 16:53:53 GMT+0200 (Central European Summer Time),Tue Apr 18 2023 16:53:53 GMT+0200 (Central European Summer Time),null,correctAnswer,R6Wb0k0VML,3sTbkbeAMk
dokJEnUVbw,Tue Apr 18 2023 16:53:59 GMT+0200 (Central European Summer Time),Tue Apr 18 2023 16:53:59 GMT+0200 (Central European Summer Time),null,logout,R6Wb0k0VML,
n9DGzxBYDh,Wed Apr 19 2023 11:25:40 GMT+0200 (Central European Summer Time),Wed Apr 19 2023 11:25:40 GMT+0200 (Central European Summer Time),null,correctAnswer,SZ50tVVwEq,Vb6HjAtXJ5
LwzCh9zvAy,Wed Apr 19 2023 11:28:33 GMT+0200 (Central European Summer Time),Wed Apr 19 2023 11:28:33 GMT+0200 (Central European Summer Time),null,correctAnswer,SZ50tVVwEq,iEkjyOXeAy
gJZ6uZynDk,Wed Apr 19 2023 23:09:02 GMT+0200 (Central European Summer Time),Wed Apr 19 2023 23:09:02 GMT+0200 (Central European Summer Time),null,correctAnswer,SZ50tVVwEq,yUjNDtzCaC
DnZ5cqKQPA,Wed Apr 19 2023 23:09:13 GMT+0200 (Central European Summer Time),Wed Apr 19 2023 23:09:13 GMT+0200 (Central European Summer Time),null,correctAnswer,SZ50tVVwEq,u1sIBbKdwE
Y53yupBd4U,Thu Apr 20 2023 14:32:19 GMT+0200 (Central European Summer Time),Thu Apr 20 2023 14:32:19 GMT+0200 (Central European Summer Time),null,correctAnswer,eDKufuv64E,nOyewdR1JI
OKM07ShEMb,Thu Apr 20 2023 14:32:51 GMT+0200 (Central European Summer Time),Thu Apr 20 2023 14:32:51 GMT+0200 (Central European Summer Time),null,correctAnswer,eDKufuv64E,JxKBB2YBLw
HcdsfYUmkA,Thu Apr 20 2023 14:33:12 GMT+0200 (Central European Summer Time),Thu Apr 20 2023 14:33:12 GMT+0200 (Central European Summer Time),null,correctAnswer,eDKufuv64E,n7UMtpWT9V
hH1IYCVLAO,Thu Apr 20 2023 14:33:25 GMT+0200 (Central European Summer Time),Thu Apr 20 2023 14:33:25 GMT+0200 (Central European Summer Time),null,correctAnswer,eDKufuv64E,D1C5PmrVKM
zDghaS6AUw,Fri Apr 21 2023 09:48:42 GMT+0200 (Central European Summer Time),Fri Apr 21 2023 09:48:42 GMT+0200 (Central European Summer Time),null,logout,SZ50tVVwEq,
dztSB4zrWe,Fri Apr 21 2023 10:23:21 GMT+0200 (Central European Summer Time),Fri Apr 21 2023 10:23:21 GMT+0200 (Central European Summer Time),null,login,SZ50tVVwEq,
kuxMa0Tudb,Fri Apr 21 2023 10:23:21 GMT+0200 (Central European Summer Time),Fri Apr 21 2023 10:23:21 GMT+0200 (Central European Summer Time),null,login,SZ50tVVwEq,
6okwkr8wvm,Fri Apr 21 2023 12:46:41 GMT+0200 (Central European Summer Time),Fri Apr 21 2023 12:46:41 GMT+0200 (Central European Summer Time),null,wrongAnswer,ywXlxTZg6o,PBkKBRSoam
3fXL4D3UrE,Fri Apr 21 2023 12:46:46 GMT+0200 (Central European Summer Time),Fri Apr 21 2023 12:46:46 GMT+0200 (Central European Summer Time),null,correctAnswer,ywXlxTZg6o,PBkKBRSoam
rObPRrwSux,Fri Apr 21 2023 12:47:05 GMT+0200 (Central European Summer Time),Fri Apr 21 2023 12:47:05 GMT+0200 (Central European Summer Time),null,wrongAnswer,ywXlxTZg6o,YrZ7uM8foe
HlxKvJXKRu,Fri Apr 21 2023 12:47:08 GMT+0200 (Central European Summer Time),Fri Apr 21 2023 12:47:08 GMT+0200 (Central European Summer Time),null,wrongAnswer,ywXlxTZg6o,YrZ7uM8foe
oDDlWLJFBU,Fri Apr 21 2023 12:47:10 GMT+0200 (Central European Summer Time),Fri Apr 21 2023 12:47:10 GMT+0200 (Central European Summer Time),null,correctAnswer,ywXlxTZg6o,YrZ7uM8foe
vHWHdtCcB5,Fri Apr 21 2023 12:54:59 GMT+0200 (Central European Summer Time),Fri Apr 21 2023 12:54:59 GMT+0200 (Central European Summer Time),null,correctAnswer,ywXlxTZg6o,7Ya8mwZs7U
ZtS2Z6N2G5,Fri Apr 21 2023 12:55:03 GMT+0200 (Central European Summer Time),Fri Apr 21 2023 12:55:03 GMT+0200 (Central European Summer Time),null,correctAnswer,ywXlxTZg6o,DrxzDzSNDS
GJrlPGDPhm,Fri Apr 21 2023 12:55:22 GMT+0200 (Central European Summer Time),Fri Apr 21 2023 12:55:22 GMT+0200 (Central European Summer Time),null,wrongAnswer,ywXlxTZg6o,acOWV3lanH
8C1lfXnwWz,Fri Apr 21 2023 12:57:42 GMT+0200 (Central European Summer Time),Fri Apr 21 2023 12:57:42 GMT+0200 (Central European Summer Time),null,logout,ywXlxTZg6o,
Fkwt0aolC0,Fri Apr 21 2023 12:59:11 GMT+0200 (Central European Summer Time),Fri Apr 21 2023 12:59:11 GMT+0200 (Central European Summer Time),null,login,ywXlxTZg6o,
LCXmkyn4vE,Fri Apr 21 2023 12:59:29 GMT+0200 (Central European Summer Time),Fri Apr 21 2023 12:59:29 GMT+0200 (Central European Summer Time),null,correctAnswer,ywXlxTZg6o,1iyCYcK1gY
ifRMVhO5GX,Fri Apr 21 2023 13:00:14 GMT+0200 (Central European Summer Time),Fri Apr 21 2023 13:00:14 GMT+0200 (Central European Summer Time),null,wrongAnswer,ywXlxTZg6o,UTr7Fzyasm
blNuEG8D7p,Fri Apr 21 2023 13:00:16 GMT+0200 (Central European Summer Time),Fri Apr 21 2023 13:00:16 GMT+0200 (Central European Summer Time),null,correctAnswer,ywXlxTZg6o,UTr7Fzyasm
nXhGRK569q,Fri Apr 21 2023 13:00:38 GMT+0200 (Central European Summer Time),Fri Apr 21 2023 13:00:38 GMT+0200 (Central European Summer Time),null,correctAnswer,ywXlxTZg6o,FTkvp8Ee2m
VVF4eY6Tin,Fri Apr 21 2023 21:12:44 GMT+0200 (Central European Summer Time),Fri Apr 21 2023 21:12:44 GMT+0200 (Central European Summer Time),null,logout,ywXlxTZg6o,
44xRY1L8Iz,Fri Apr 21 2023 21:13:37 GMT+0200 (Central European Summer Time),Fri Apr 21 2023 21:13:37 GMT+0200 (Central European Summer Time),null,login,ywXlxTZg6o,
1RwXuwK2du,Sun Apr 23 2023 15:47:18 GMT+0200 (Central European Summer Time),Sun Apr 23 2023 15:47:18 GMT+0200 (Central European Summer Time),null,logout,drxDLGwaxb,
mJGw1jJ5M5,Mon Apr 24 2023 22:24:36 GMT+0200 (Central European Summer Time),Mon Apr 24 2023 22:24:36 GMT+0200 (Central European Summer Time),null,wrongAnswer,dy4k3eLx1j,wFrfvVlC3G
hP9FEtl4iM,Mon Apr 24 2023 22:24:39 GMT+0200 (Central European Summer Time),Mon Apr 24 2023 22:24:39 GMT+0200 (Central European Summer Time),null,correctAnswer,dy4k3eLx1j,wFrfvVlC3G
ZMh1troAke,Mon Apr 24 2023 22:24:41 GMT+0200 (Central European Summer Time),Mon Apr 24 2023 22:24:41 GMT+0200 (Central European Summer Time),null,correctAnswer,dy4k3eLx1j,wFrfvVlC3G
5Tdq8S7gGU,Mon Apr 24 2023 22:25:01 GMT+0200 (Central European Summer Time),Mon Apr 24 2023 22:25:01 GMT+0200 (Central European Summer Time),null,correctAnswer,dy4k3eLx1j,H1pWPj4lCM
3Hmf4rHxbM,Mon Apr 24 2023 22:25:08 GMT+0200 (Central European Summer Time),Mon Apr 24 2023 22:25:08 GMT+0200 (Central European Summer Time),null,correctAnswer,dy4k3eLx1j,nMOYmrRBnA
6bH2yw7YOk,Mon Apr 24 2023 22:25:37 GMT+0200 (Central European Summer Time),Mon Apr 24 2023 22:25:37 GMT+0200 (Central European Summer Time),null,correctAnswer,dy4k3eLx1j,KQ94ZXdlkK
Q81qjCqWkU,Mon Apr 24 2023 22:25:51 GMT+0200 (Central European Summer Time),Mon Apr 24 2023 22:25:51 GMT+0200 (Central European Summer Time),null,correctAnswer,dy4k3eLx1j,iEkjyOXeAy
Jj7JiwrRyU,Mon Apr 24 2023 22:25:56 GMT+0200 (Central European Summer Time),Mon Apr 24 2023 22:25:56 GMT+0200 (Central European Summer Time),null,correctAnswer,dy4k3eLx1j,JwtrXWLneP
RdVH0J4B1x,Mon Apr 24 2023 22:26:09 GMT+0200 (Central European Summer Time),Mon Apr 24 2023 22:26:09 GMT+0200 (Central European Summer Time),null,correctAnswer,dy4k3eLx1j,U8tcUU4shI
BIXZIBxp9g,Mon Apr 24 2023 22:26:29 GMT+0200 (Central European Summer Time),Mon Apr 24 2023 22:26:29 GMT+0200 (Central European Summer Time),null,correctAnswer,dy4k3eLx1j,DjWXsZnxss
PHJW2jMU0z,Mon Apr 24 2023 22:26:36 GMT+0200 (Central European Summer Time),Mon Apr 24 2023 22:26:36 GMT+0200 (Central European Summer Time),null,correctAnswer,dy4k3eLx1j,VzBev3ddbd
y34D7DrTRP,Mon Apr 24 2023 22:26:40 GMT+0200 (Central European Summer Time),Mon Apr 24 2023 22:26:40 GMT+0200 (Central European Summer Time),null,correctAnswer,dy4k3eLx1j,lYrmrFyfbE
XxiszcD9FP,Mon Apr 24 2023 22:26:51 GMT+0200 (Central European Summer Time),Mon Apr 24 2023 22:26:51 GMT+0200 (Central European Summer Time),null,correctAnswer,dy4k3eLx1j,1iyCYcK1gY
rRAYFjkdUp,Mon Apr 24 2023 22:27:06 GMT+0200 (Central European Summer Time),Mon Apr 24 2023 22:27:06 GMT+0200 (Central European Summer Time),null,correctAnswer,dy4k3eLx1j,wHBRjzdRrn
FCfqexW7hd,Tue Apr 25 2023 17:17:33 GMT+0200 (Central European Summer Time),Tue Apr 25 2023 17:17:33 GMT+0200 (Central European Summer Time),null,correctAnswer,NgENXB1IN3,M8pjpc9RTL
NF0UMZgy9u,Tue Apr 25 2023 17:17:39 GMT+0200 (Central European Summer Time),Tue Apr 25 2023 17:17:39 GMT+0200 (Central European Summer Time),null,correctAnswer,NgENXB1IN3,nWqacEnyPE
EKWbN6hwyf,Tue Apr 25 2023 17:17:56 GMT+0200 (Central European Summer Time),Tue Apr 25 2023 17:17:56 GMT+0200 (Central European Summer Time),null,correctAnswer,NgENXB1IN3,wYZ6ywaudx
vEBtAfiNLH,Tue Apr 25 2023 17:18:00 GMT+0200 (Central European Summer Time),Tue Apr 25 2023 17:18:00 GMT+0200 (Central European Summer Time),null,correctAnswer,NgENXB1IN3,p3pNhlAe3M
NvfWEJPHEt,Tue Apr 25 2023 17:18:04 GMT+0200 (Central European Summer Time),Tue Apr 25 2023 17:18:04 GMT+0200 (Central European Summer Time),null,correctAnswer,NgENXB1IN3,hI1bd4HsMT
QxGEwgJwqJ,Tue Apr 25 2023 17:18:14 GMT+0200 (Central European Summer Time),Tue Apr 25 2023 17:18:14 GMT+0200 (Central European Summer Time),null,correctAnswer,NgENXB1IN3,1iyCYcK1gY
xhUZpzEEgv,Tue Apr 25 2023 17:18:26 GMT+0200 (Central European Summer Time),Tue Apr 25 2023 17:18:26 GMT+0200 (Central European Summer Time),null,correctAnswer,NgENXB1IN3,n7UMtpWT9V
AB5fk9OMCa,Tue Apr 25 2023 17:19:16 GMT+0200 (Central European Summer Time),Tue Apr 25 2023 17:19:16 GMT+0200 (Central European Summer Time),null,correctAnswer,NgENXB1IN3,5Op1XJxtzB
IZhkL01haO,Tue Apr 25 2023 17:19:21 GMT+0200 (Central European Summer Time),Tue Apr 25 2023 17:19:21 GMT+0200 (Central European Summer Time),null,correctAnswer,NgENXB1IN3,PBkKBRSoam
Qw9hLpiF2f,Tue Apr 25 2023 17:19:32 GMT+0200 (Central European Summer Time),Tue Apr 25 2023 17:19:32 GMT+0200 (Central European Summer Time),null,correctAnswer,NgENXB1IN3,wpux7RAzxu
G56HWbY6NT,Tue Apr 25 2023 17:19:38 GMT+0200 (Central European Summer Time),Tue Apr 25 2023 17:19:38 GMT+0200 (Central European Summer Time),null,wrongAnswer,NgENXB1IN3,ox5oJpmIWR
SIkBtrX3b4,Tue Apr 25 2023 17:19:40 GMT+0200 (Central European Summer Time),Tue Apr 25 2023 17:19:40 GMT+0200 (Central European Summer Time),null,wrongAnswer,NgENXB1IN3,ox5oJpmIWR
LYwIwAaxok,Tue Apr 25 2023 17:19:42 GMT+0200 (Central European Summer Time),Tue Apr 25 2023 17:19:42 GMT+0200 (Central European Summer Time),null,wrongAnswer,NgENXB1IN3,ox5oJpmIWR
uGNOybYDNe,Tue Apr 25 2023 17:19:44 GMT+0200 (Central European Summer Time),Tue Apr 25 2023 17:19:44 GMT+0200 (Central European Summer Time),null,correctAnswer,NgENXB1IN3,ox5oJpmIWR
TKx5OfAabJ,Tue Apr 25 2023 17:20:04 GMT+0200 (Central European Summer Time),Tue Apr 25 2023 17:20:04 GMT+0200 (Central European Summer Time),null,correctAnswer,NgENXB1IN3,k8BLFyFRlp
iDzuvxEnMA,Tue Apr 25 2023 17:20:08 GMT+0200 (Central European Summer Time),Tue Apr 25 2023 17:20:08 GMT+0200 (Central European Summer Time),null,wrongAnswer,NgENXB1IN3,nR1IBAr7vy
QovaT03QqY,Tue Apr 25 2023 17:20:21 GMT+0200 (Central European Summer Time),Tue Apr 25 2023 17:20:21 GMT+0200 (Central European Summer Time),null,correctAnswer,NgENXB1IN3,nR1IBAr7vy
8FZZCWbO8s,Tue Apr 25 2023 17:38:15 GMT+0200 (Central European Summer Time),Tue Apr 25 2023 17:38:15 GMT+0200 (Central European Summer Time),null,logout,NgENXB1IN3,
LDQS3UFpK3,Wed Apr 26 2023 10:21:57 GMT+0200 (Central European Summer Time),Wed Apr 26 2023 10:21:57 GMT+0200 (Central European Summer Time),null,correctAnswer,eDKufuv64E,JFgaFiiG6W
L0ENSPHHih,Wed Apr 26 2023 10:22:03 GMT+0200 (Central European Summer Time),Wed Apr 26 2023 10:22:03 GMT+0200 (Central European Summer Time),null,correctAnswer,eDKufuv64E,z4YC6s2OWg
CbKDEUSFvr,Wed Apr 26 2023 10:22:13 GMT+0200 (Central European Summer Time),Wed Apr 26 2023 10:22:13 GMT+0200 (Central European Summer Time),null,correctAnswer,eDKufuv64E,FbekBsKlYM
rFzqwRMVpW,Wed Apr 26 2023 10:22:29 GMT+0200 (Central European Summer Time),Wed Apr 26 2023 10:22:29 GMT+0200 (Central European Summer Time),null,correctAnswer,eDKufuv64E,H1pWPj4lCM
ui8lVvjgJy,Thu Apr 27 2023 09:13:37 GMT+0200 (Central European Summer Time),Thu Apr 27 2023 09:13:37 GMT+0200 (Central European Summer Time),null,correctAnswer,9VijwPXEHO,acOWV3lanH
CA5LBGsFCS,Thu Apr 27 2023 09:13:40 GMT+0200 (Central European Summer Time),Thu Apr 27 2023 09:13:40 GMT+0200 (Central European Summer Time),null,correctAnswer,9VijwPXEHO,FTkvp8Ee2m
XoHbZbonHz,Thu Apr 27 2023 09:13:46 GMT+0200 (Central European Summer Time),Thu Apr 27 2023 09:13:46 GMT+0200 (Central European Summer Time),null,wrongAnswer,9VijwPXEHO,PBkKBRSoam
K9buCoifxv,Thu Apr 27 2023 09:13:49 GMT+0200 (Central European Summer Time),Thu Apr 27 2023 09:13:49 GMT+0200 (Central European Summer Time),null,correctAnswer,9VijwPXEHO,PBkKBRSoam
gJaSAx0hKD,Thu Apr 27 2023 09:13:53 GMT+0200 (Central European Summer Time),Thu Apr 27 2023 09:13:53 GMT+0200 (Central European Summer Time),null,correctAnswer,9VijwPXEHO,AakngqERYt
LwAugobfjd,Thu Apr 27 2023 12:49:05 GMT+0200 (Central European Summer Time),Thu Apr 27 2023 12:49:05 GMT+0200 (Central European Summer Time),null,correctAnswer,9VijwPXEHO,iEkjyOXeAy
DCAy0w33mw,Thu Apr 27 2023 12:49:19 GMT+0200 (Central European Summer Time),Thu Apr 27 2023 12:49:19 GMT+0200 (Central European Summer Time),null,correctAnswer,9VijwPXEHO,nVC37aTxuW
hg31QpJqNy,Thu Apr 27 2023 13:12:20 GMT+0200 (Central European Summer Time),Thu Apr 27 2023 13:12:20 GMT+0200 (Central European Summer Time),null,logout,9VijwPXEHO,
cEiBF69iKV,Fri Apr 28 2023 21:36:13 GMT+0200 (Central European Summer Time),Fri Apr 28 2023 21:36:13 GMT+0200 (Central European Summer Time),null,wrongAnswer,czIRI96DAz,acOWV3lanH
gdL1IsvBB4,Fri Apr 28 2023 21:36:16 GMT+0200 (Central European Summer Time),Fri Apr 28 2023 21:36:16 GMT+0200 (Central European Summer Time),null,correctAnswer,czIRI96DAz,acOWV3lanH
HUppoP5mh6,Fri Apr 28 2023 21:36:24 GMT+0200 (Central European Summer Time),Fri Apr 28 2023 21:36:24 GMT+0200 (Central European Summer Time),null,correctAnswer,czIRI96DAz,8m8R6FhTBH
PVeuUQVuuY,Fri Apr 28 2023 21:36:30 GMT+0200 (Central European Summer Time),Fri Apr 28 2023 21:36:30 GMT+0200 (Central European Summer Time),null,correctAnswer,czIRI96DAz,iEkjyOXeAy
YrH7MeuNBH,Fri Apr 28 2023 21:36:58 GMT+0200 (Central European Summer Time),Fri Apr 28 2023 21:36:58 GMT+0200 (Central European Summer Time),null,wrongAnswer,czIRI96DAz,4InyZIfvY4
0OflpuBtVW,Fri Apr 28 2023 21:37:01 GMT+0200 (Central European Summer Time),Fri Apr 28 2023 21:37:01 GMT+0200 (Central European Summer Time),null,correctAnswer,czIRI96DAz,4InyZIfvY4
CCFprBXimf,Fri Apr 28 2023 21:37:09 GMT+0200 (Central European Summer Time),Fri Apr 28 2023 21:37:09 GMT+0200 (Central European Summer Time),null,correctAnswer,czIRI96DAz,6trcSYK5IO
Pn5bYhd2CJ,Fri Apr 28 2023 21:37:15 GMT+0200 (Central European Summer Time),Fri Apr 28 2023 21:37:15 GMT+0200 (Central European Summer Time),null,correctAnswer,czIRI96DAz,1aclfsE9pN
5HBMmm4tA5,Fri Apr 28 2023 21:37:17 GMT+0200 (Central European Summer Time),Fri Apr 28 2023 21:37:17 GMT+0200 (Central European Summer Time),null,logout,czIRI96DAz,
